{"cameraMode":{"drawMode":0,"name":"Shaded","section":"Shading Mode"},"sceneLighting":false,"audioPlay":false,"sceneViewState":{"showFog":true,"showMaterialUpdate":false,"showSkybox":true,"showFlares":true,"showImageEffects":true,"showParticleSystems":true},"in2DMode":false,"pivot":{"x":-0.21000000834465028,"y":1.1913001537322999,"z":31.579999923706056},"rotation":{"x":0.055238276720047,"y":-0.2471604198217392,"z":-0.013992216438055039,"w":-0.9673852324485779},"size":2.9187991619110109,"orthographic":false}